2026-04-02 15:44:39.654702,Multiple faces detected
2026-04-02 15:44:39.663771,Multiple faces detected
2026-04-02 15:44:40.191193,Multiple faces detected
2026-04-02 15:44:40.203531,Multiple faces detected
2026-04-02 15:44:50.103573,Multiple faces detected
2026-04-02 15:44:50.111652,Multiple faces detected
2026-04-02 15:44:51.603184,Multiple faces detected
2026-04-02 15:44:51.611197,Multiple faces detected
2026-04-02 15:44:54.019822,Multiple faces detected
2026-04-02 15:44:54.035287,Multiple faces detected
2026-04-02 15:45:57.048845,Multiple faces detected
2026-04-02 15:45:57.067809,Multiple faces detected
2026-04-02 15:46:04.564501,Multiple faces detected
2026-04-02 15:46:04.582669,Multiple faces detected
2026-04-02 15:46:05.111519,Multiple faces detected
2026-04-02 15:46:05.122383,Multiple faces detected
2026-04-02 15:46:05.645307,Multiple faces detected
2026-04-02 15:46:05.657371,Multiple faces detected
2026-04-02 15:46:06.184629,Multiple faces detected
2026-04-02 15:46:06.206690,Multiple faces detected
2026-04-02 15:46:06.729953,Multiple faces detected
2026-04-02 15:46:06.746614,Multiple faces detected
2026-04-02 15:46:07.271692,Multiple faces detected
2026-04-02 15:46:07.283871,Multiple faces detected
2026-04-02 15:53:39.884064,Looking Right
2026-04-02 15:53:39.907600,Looking Right
2026-04-02 15:53:39.947333,Looking Right
2026-04-02 15:53:39.970552,Looking Right
2026-04-02 15:53:40.033987,Looking Right
2026-04-02 15:53:40.075172,Looking Right
2026-04-02 15:53:40.098196,Looking Right
2026-04-02 15:53:40.186948,Looking Right
2026-04-02 15:53:40.202203,Looking Right
2026-04-02 15:53:40.227090,Looking Right
2026-04-02 15:53:40.283398,Looking Right
2026-04-02 15:53:40.306389,Looking Right
2026-04-02 15:53:40.347918,Looking Right
2026-04-02 15:53:40.370412,Looking Right
2026-04-02 15:53:40.411886,Looking Right
2026-04-02 15:53:40.433532,Looking Right
2026-04-02 15:53:40.572633,Looking Right
2026-04-02 15:53:40.595020,Looking Right
2026-04-02 15:53:40.635612,Looking Right
2026-04-02 15:53:40.722329,Looking Right
2026-04-02 15:53:40.763242,Looking Right
2026-04-02 15:53:41.185907,Looking Right
2026-04-02 15:53:41.314448,Looking Right
2026-04-02 15:53:41.354834,Looking Right
2026-04-02 15:53:41.377721,Looking Right
2026-04-02 15:53:41.650289,Looking Right
2026-04-02 15:53:41.691017,Looking Right
2026-04-02 15:53:41.756161,Looking Right
2026-04-02 15:53:42.114251,Looking Right
2026-04-02 15:53:42.369298,Looking Right
2026-04-02 15:53:43.767202,Looking Left
2026-04-02 15:53:45.506163,Looking Left
2026-04-02 15:53:45.527499,Looking Left
2026-04-02 15:53:52.274131,Looking Right
2026-04-02 15:53:52.315433,Looking Right
2026-04-02 15:53:52.354209,Looking Right
2026-04-02 15:53:52.394645,Looking Right
2026-04-02 15:53:52.418612,Looking Right
2026-04-02 15:53:52.460362,Looking Right
2026-04-02 15:53:52.481884,Looking Right
2026-04-02 15:53:52.523562,Looking Right
2026-04-02 15:53:52.546371,Looking Right
2026-04-02 15:53:52.587353,Looking Right
2026-04-02 15:53:52.610380,Looking Right
2026-04-02 15:53:52.651924,Looking Right
2026-04-02 15:53:52.674032,Looking Right
2026-04-02 15:53:52.715683,Looking Right
2026-04-02 15:53:52.738396,Looking Right
2026-04-02 15:53:52.780045,Looking Right
2026-04-02 15:53:52.802720,Looking Right
2026-04-02 15:53:52.844386,Looking Right
2026-04-02 15:53:52.866664,Looking Right
2026-04-02 15:53:52.907339,Looking Right
2026-04-02 15:53:52.979078,Looking Right
2026-04-02 15:53:53.019976,Looking Right
2026-04-02 15:53:53.038512,Looking Right
2026-04-02 15:53:53.062652,Looking Right
2026-04-02 15:53:53.084441,Looking Right
2026-04-02 15:53:53.114739,Looking Right
2026-04-02 15:53:53.138775,Looking Right
2026-04-02 15:53:53.179457,Looking Right
2026-04-02 15:53:53.202065,Looking Right
2026-04-02 15:53:53.243357,Looking Right
2026-04-02 15:53:53.266532,Looking Right
2026-04-02 15:53:53.307334,Looking Right
2026-04-02 15:53:53.362076,Looking Right
2026-04-02 15:53:53.403206,Looking Right
2026-04-02 15:53:53.426434,Looking Right
2026-04-02 15:53:53.483677,Looking Right
2026-04-02 15:53:53.506876,Looking Right
2026-04-02 15:53:53.531537,Looking Right
2026-04-02 15:53:53.553563,Looking Right
2026-04-02 15:53:53.579627,Looking Right
2026-04-02 15:53:53.601697,Looking Right
2026-04-02 15:53:53.892603,Looking Right
2026-04-02 15:53:58.771084,Looking Right
2026-04-02 15:53:59.045642,Looking Right
2026-04-02 15:53:59.624304,Looking Left
2026-04-02 15:53:59.909359,Looking Right
2026-04-02 15:54:00.208735,Looking Right
2026-04-02 15:54:00.227524,Looking Right
2026-04-02 15:54:00.503637,Looking Right
2026-04-02 15:54:00.511285,Looking Right
2026-04-02 15:54:00.786284,Looking Right
2026-04-02 15:54:00.798366,Looking Right
2026-04-02 15:54:01.072344,Looking Right
2026-04-02 15:54:01.082343,Looking Right
2026-04-02 15:54:01.357806,Looking Right
2026-04-02 15:54:01.366700,Looking Right
2026-04-02 15:54:01.652508,Looking Right
2026-04-02 15:54:01.667328,Looking Right
2026-04-02 15:54:01.941477,Looking Right
2026-04-02 15:54:01.951410,Looking Right
2026-04-02 15:54:02.226807,Looking Right
2026-04-02 15:54:02.234900,Looking Right
2026-04-02 15:54:02.525480,Looking Right
2026-04-02 15:54:03.152699,Looking Left
2026-04-02 15:54:03.443437,Looking Left
2026-04-02 15:54:03.456437,Looking Left
2026-04-02 15:54:03.753284,Looking Left
2026-04-02 15:54:03.771869,Looking Left
2026-04-02 15:54:04.045135,Looking Left
2026-04-02 15:54:04.056135,Looking Left
2026-04-02 15:54:04.330461,Looking Left
2026-04-02 15:54:04.341562,Looking Left
2026-04-02 15:54:04.616255,Looking Left
2026-04-02 15:54:04.626253,Looking Left
2026-04-02 15:54:04.916005,Looking Left
2026-04-02 15:54:04.927010,Looking Left
2026-04-02 15:54:05.220605,Looking Left
2026-04-02 15:54:05.230607,Looking Left
2026-04-02 15:54:05.526997,Looking Left
2026-04-02 15:54:05.545814,Looking Left
2026-04-02 15:54:05.821990,Looking Left
2026-04-02 15:54:05.832790,Looking Left
2026-04-02 15:54:06.106654,Looking Left
2026-04-02 15:54:08.165654,Looking Left
2026-04-02 15:54:08.440070,Looking Left
2026-04-02 15:54:08.450070,Looking Right
2026-04-02 15:54:08.475001,Looking Right
2026-04-02 15:54:08.498608,Looking Right
2026-04-02 15:54:08.820285,Looking Right
2026-04-02 15:54:08.831325,Looking Left
2026-04-02 15:54:09.682581,Looking Right
2026-04-02 15:54:11.422985,Looking Right
2026-04-02 15:54:11.992453,Looking Left
2026-04-02 15:54:12.269925,Looking Left
2026-04-02 15:54:12.293059,Looking Left
2026-04-02 15:54:12.578443,Looking Left
2026-04-02 15:54:12.877093,Looking Left
2026-04-02 15:54:13.773855,Looking Left
2026-04-02 15:54:14.717299,Looking Left
2026-04-02 15:54:14.732036,Looking Left
2026-04-02 15:54:14.780927,Looking Left
2026-04-02 15:54:14.811270,Looking Left
2026-04-02 15:54:14.834181,Looking Left
2026-04-02 15:54:14.875558,Looking Left
2026-04-02 15:54:14.897899,Looking Left
2026-04-02 15:54:14.971154,Looking Left
2026-04-02 15:54:14.995599,Looking Left
2026-04-02 15:54:15.035231,Looking Left
2026-04-02 15:54:15.994165,Looking Left
2026-04-02 15:54:20.234928,Looking Right
2026-04-02 15:54:20.258404,Looking Right
2026-04-02 15:54:20.299631,Looking Right
2026-04-02 15:54:20.322592,Looking Right
2026-04-02 15:54:20.363462,Looking Right
2026-04-02 15:54:20.385802,Looking Right
2026-04-02 15:54:20.426955,Looking Right
2026-04-02 15:54:20.450239,Looking Right
2026-04-02 15:54:20.507993,Looking Right
2026-04-02 15:54:25.399589,Looking Right
2026-04-02 15:54:25.421749,Looking Right
2026-04-02 15:54:25.452470,Looking Right
2026-04-02 15:54:25.475173,Looking Right
2026-04-02 15:54:25.517053,Looking Right
2026-04-02 15:54:25.537805,Looking Right
2026-04-02 15:54:25.580452,Looking Right
2026-04-02 15:54:25.617880,Looking Right
2026-04-02 15:54:25.660520,Looking Right
2026-04-02 15:54:25.683123,Looking Right
2026-04-02 15:54:25.724366,Looking Right
2026-04-02 15:54:25.746872,Looking Right
2026-04-02 15:54:25.787898,Looking Right
2026-04-02 15:54:25.810143,Looking Right
2026-04-02 15:54:25.853175,Looking Right
2026-04-02 15:54:25.873994,Looking Right
2026-04-02 15:54:25.916301,Looking Right
2026-04-02 15:54:25.939001,Looking Right
2026-04-02 15:54:25.979808,Looking Right
2026-04-02 15:54:26.001950,Looking Right
2026-04-02 15:54:26.044517,Looking Right
2026-04-02 15:54:26.065361,Looking Right
2026-04-02 15:54:26.108558,Looking Right
2026-04-02 15:54:26.162494,Looking Right
2026-04-02 15:54:26.205819,Looking Right
2026-04-02 15:54:26.226547,Looking Right
2026-04-02 15:54:26.284625,Looking Right
2026-04-02 15:54:26.307272,Looking Right
2026-04-02 15:54:26.332546,Looking Right
2026-04-02 15:54:26.354736,Looking Right
2026-04-02 15:54:26.380084,Looking Right
2026-04-02 15:54:26.403095,Looking Right
2026-04-02 15:54:26.444939,Looking Right
2026-04-02 15:54:26.465392,Looking Right
2026-04-02 15:54:26.508786,Looking Right
2026-04-02 15:54:26.561751,Looking Right
2026-04-02 15:54:26.604181,Looking Right
2026-04-02 15:54:26.626514,Looking Right
2026-04-02 15:54:26.668475,Looking Right
2026-04-02 15:54:26.690401,Looking Right
2026-04-02 15:54:26.731175,Looking Right
2026-04-02 15:54:26.754095,Looking Right
2026-04-02 15:54:26.795712,Looking Right
2026-04-02 15:54:26.817764,Looking Right
2026-04-02 15:54:26.867074,Looking Right
2026-04-02 15:54:26.899467,Looking Right
2026-04-02 15:54:26.940798,Looking Right
2026-04-02 15:54:26.962618,Looking Right
2026-04-02 15:54:27.002490,Looking Right
2026-04-02 15:54:27.040107,Looking Right
2026-04-02 15:54:27.081844,Looking Right
2026-04-02 15:54:27.120844,Looking Right
2026-04-02 15:57:13.589927,Looking Right
2026-04-02 15:57:13.875463,Looking Right
2026-04-02 15:57:13.901191,Looking Right
2026-04-02 15:57:13.923223,Looking Right
2026-04-02 15:57:13.948941,Looking Right
2026-04-02 15:57:13.970877,Looking Right
2026-04-02 15:57:13.996923,Looking Right
2026-04-02 15:57:14.017689,Looking Right
2026-04-02 15:57:14.042550,Looking Right
2026-04-02 15:57:14.064051,Looking Right
2026-04-02 15:57:14.105162,Looking Right
2026-04-02 15:57:14.128564,Looking Right
2026-04-02 15:57:14.170170,Looking Right
2026-04-02 15:57:14.191886,Looking Right
2026-04-02 15:57:14.232954,Looking Right
2026-04-02 15:57:14.256245,Looking Right
2026-04-02 15:57:14.298037,Looking Right
2026-04-02 15:57:14.321370,Looking Right
2026-04-02 15:57:15.198034,Looking Left
2026-04-02 15:57:15.470951,Looking Left
2026-04-02 15:57:15.483960,Looking Left
2026-04-02 15:57:15.756959,Looking Left
2026-04-02 15:57:20.159691,Looking Right
2026-04-02 15:57:20.449706,Looking Right
2026-04-02 15:57:20.462032,Looking Right
2026-04-02 15:57:20.486625,Looking Right
2026-04-02 15:57:20.508444,Looking Right
2026-04-02 15:57:20.539030,Looking Right
2026-04-02 15:57:20.559851,Looking Right
2026-04-02 15:57:20.601642,Looking Right
2026-04-02 15:57:20.623906,Looking Right
2026-04-02 15:57:20.665820,Looking Right
2026-04-02 15:57:20.687902,Looking Right
2026-04-02 15:57:20.729245,Looking Right
2026-04-02 15:57:20.752086,Looking Right
2026-04-02 15:57:20.793560,Looking Right
2026-04-02 15:57:20.848419,Looking Right
2026-04-02 15:57:20.889534,Looking Right
2026-04-02 15:57:20.912504,Looking Right
2026-04-02 15:57:20.954068,Looking Right
2026-04-02 15:57:20.976053,Looking Right
2026-04-02 15:57:21.033340,Looking Right
2026-04-02 15:57:21.055920,Looking Right
2026-04-02 15:57:21.079173,Looking Right
2026-04-02 15:57:21.101234,Looking Right
2026-04-02 15:57:21.377876,Looking Right
2026-04-02 15:57:24.265678,Looking Right
2026-04-02 15:57:24.290652,Looking Right
2026-04-02 15:57:24.312312,Looking Right
2026-04-02 15:57:24.345356,Looking Right
2026-04-02 15:57:30.505160,Looking Right
2026-04-02 15:57:32.734044,Looking Left
2026-04-02 15:57:32.753697,Looking Left
2026-04-02 15:57:32.778716,Looking Left
2026-04-02 15:57:32.800771,Looking Left
2026-04-02 15:57:32.841687,Looking Left
2026-04-02 15:57:32.864166,Looking Left
2026-04-02 15:58:14.680555,Looking Right
2026-04-02 15:58:14.706314,Looking Right
2026-04-02 15:58:14.727385,Looking Right
2026-04-02 15:58:14.751897,Looking Right
2026-04-02 15:58:14.774770,Looking Right
2026-04-02 15:58:14.814688,Looking Right
2026-04-02 15:58:14.837552,Looking Right
2026-04-02 15:58:14.879329,Looking Right
2026-04-02 15:58:14.901460,Looking Right
2026-04-02 15:58:14.942121,Looking Right
2026-04-02 15:58:14.965144,Looking Right
2026-04-02 15:58:15.007518,Looking Right
2026-04-02 15:58:15.029217,Looking Right
2026-04-02 15:58:22.509842,Looking Left
2026-04-02 15:58:22.535046,Looking Left
2026-04-02 15:58:22.556511,Looking Left
2026-04-02 15:58:22.590788,Looking Left
2026-04-02 15:58:22.613173,Looking Left
2026-04-02 15:58:22.903698,Looking Left
2026-04-02 15:58:22.920695,Looking Left
2026-04-02 15:58:22.945899,Looking Left
2026-04-02 15:58:22.967466,Looking Left
2026-04-02 15:58:22.993049,Looking Left
2026-04-02 15:58:23.014764,Looking Left
2026-04-02 15:58:23.314489,Looking Left
2026-04-02 15:58:25.666515,Looking Right
2026-04-02 15:58:25.690305,Looking Right
2026-04-02 15:58:25.713216,Looking Right
2026-04-02 15:58:25.738514,Looking Right
2026-04-02 15:58:25.761263,Looking Right
2026-04-02 15:58:25.784810,Looking Right
2026-04-02 15:58:25.806865,Looking Right
2026-04-02 15:58:25.831639,Looking Right
2026-04-02 15:58:25.853966,Looking Right
2026-04-02 15:58:25.879316,Looking Right
2026-04-02 15:58:25.900568,Looking Right
2026-04-02 15:58:25.967358,Looking Right
2026-04-02 15:58:25.989862,Looking Right
2026-04-02 15:58:26.030201,Looking Right
2026-04-02 15:58:26.053569,Looking Right
2026-04-02 15:58:26.094580,Looking Right
2026-04-02 15:58:26.116990,Looking Right
2026-04-02 15:58:26.158343,Looking Right
2026-04-02 15:58:26.181585,Looking Right
2026-04-02 15:58:26.237814,Looking Right
2026-04-02 15:58:26.261187,Looking Right
2026-04-02 15:58:26.281098,Looking Right
2026-04-02 15:58:26.326320,Looking Right
2026-04-02 15:58:26.366765,Looking Right
2026-04-02 15:58:26.389640,Looking Right
2026-04-02 15:58:26.431134,Looking Right
2026-04-02 15:58:26.453644,Looking Right
2026-04-02 15:58:26.494318,Looking Right
2026-04-02 15:58:26.517272,Looking Right
2026-04-02 15:58:26.558620,Looking Right
2026-04-02 15:58:26.581424,Looking Right
2026-04-02 15:58:26.623577,Looking Right
2026-04-02 15:58:26.645894,Looking Right
2026-04-02 15:58:26.687435,Looking Right
2026-04-02 15:58:26.709564,Looking Right
2026-04-02 15:58:26.999469,Looking Right
2026-04-02 15:58:28.414534,Looking Right
2026-04-02 15:58:28.436754,Looking Right
2026-04-02 15:58:28.484163,Looking Right
2026-04-02 15:58:31.904456,Looking Left
2026-04-02 15:58:46.563227,Looking Left
2026-04-02 15:58:46.588599,Looking Left
2026-04-02 15:58:46.610592,Looking Left
2026-04-02 15:58:46.635938,Looking Left
2026-04-02 15:58:46.658573,Looking Left
2026-04-02 15:58:46.932133,Looking Left
2026-04-02 15:58:46.966684,Looking Left
2026-04-02 15:58:46.987894,Looking Left
2026-04-02 16:10:41.617035,Looking Left
2026-04-02 16:10:42.603960,Multiple persons detected
2026-04-02 16:10:42.820416,Multiple persons detected
2026-04-02 16:10:43.300860,Multiple persons detected
2026-04-02 16:10:43.778603,Multiple persons detected
2026-04-02 16:10:43.993428,Multiple persons detected
2026-04-02 16:10:44.474974,Multiple persons detected
2026-04-02 16:10:44.955111,Multiple persons detected
2026-04-02 16:10:45.420116,Multiple persons detected
2026-04-02 16:10:45.628631,Multiple persons detected
2026-04-02 16:10:47.719302,Multiple persons detected
2026-04-02 16:10:48.507934,Multiple persons detected
2026-04-02 16:10:48.714470,Multiple persons detected
2026-04-02 16:10:48.931487,Multiple persons detected
2026-04-02 16:10:49.900389,Multiple persons detected
2026-04-02 16:10:50.546978,Multiple persons detected
2026-04-02 16:10:50.736019,Multiple persons detected
2026-04-02 16:10:50.914043,Multiple persons detected
2026-04-02 16:10:51.117055,Multiple persons detected
2026-04-02 16:10:51.315763,Multiple persons detected
2026-04-02 16:10:51.506278,Multiple persons detected
2026-04-02 16:10:51.696293,Multiple persons detected
2026-04-02 16:10:51.915362,Multiple persons detected
2026-04-02 16:10:52.103873,Multiple persons detected
2026-04-02 16:10:52.108875,Looking Left
2026-04-02 16:10:52.289006,Multiple persons detected
2026-04-02 16:10:52.481053,Multiple persons detected
2026-04-02 16:10:52.663119,Multiple persons detected
2026-04-02 16:10:52.668117,Looking Left
2026-04-02 16:10:53.119114,Multiple persons detected
2026-04-02 16:10:53.124046,Looking Left
2026-04-02 16:10:54.028735,Multiple persons detected
2026-04-02 16:10:54.236041,Multiple persons detected
2026-04-02 16:10:54.429059,Multiple persons detected
2026-04-02 16:10:55.021133,Multiple persons detected
2026-04-02 16:10:55.224148,Multiple persons detected
2026-04-02 16:10:55.439167,Multiple persons detected
2026-04-02 16:10:55.445167,Looking Right
2026-04-02 16:10:55.631213,Multiple persons detected
2026-04-02 16:10:55.634214,Looking Right
2026-04-02 16:10:56.096413,Multiple persons detected
2026-04-02 16:10:56.297956,Multiple persons detected
2026-04-02 16:10:56.773831,Multiple persons detected
2026-04-02 16:10:57.241285,Multiple persons detected
2026-04-02 16:10:57.713428,Multiple persons detected
2026-04-02 16:10:57.915663,Multiple persons detected
2026-04-02 16:10:58.377156,Multiple persons detected
2026-04-02 16:10:58.842377,Multiple persons detected
2026-04-02 16:10:59.066889,Multiple persons detected
2026-04-02 16:10:59.271917,Multiple persons detected
2026-04-02 16:10:59.483000,Multiple persons detected
2026-04-02 16:10:59.691033,Multiple persons detected
2026-04-02 16:10:59.909065,Multiple persons detected
2026-04-02 16:11:00.108083,Multiple persons detected
2026-04-02 16:11:00.311097,Multiple persons detected
2026-04-02 16:11:00.517629,Multiple persons detected
2026-04-02 16:11:01.689166,Multiple persons detected
2026-04-02 16:11:02.192738,Multiple persons detected
2026-04-02 16:11:02.421804,Multiple persons detected
2026-04-02 16:11:04.778704,Multiple persons detected
2026-04-02 16:11:05.911919,Multiple persons detected
2026-04-02 16:11:11.152061,Multiple persons detected
2026-04-02 16:11:11.371908,Multiple persons detected
2026-04-02 16:11:11.377912,Looking Right
2026-04-02 16:11:11.573936,Looking Right
2026-04-02 16:11:13.564745,Looking Left
2026-04-02 16:11:13.749684,Looking Left
2026-04-02 16:11:14.207423,Looking Left
2026-04-02 16:11:14.677349,Looking Left
2026-04-02 16:11:15.323557,Looking Right
2026-04-02 16:11:15.503592,Looking Right
2026-04-02 16:11:15.696616,Looking Right
2026-04-02 16:11:15.885650,Looking Right
2026-04-02 16:11:16.078684,Looking Right
2026-04-02 16:11:21.662427,Multiple persons detected
2026-04-02 16:11:22.525937,Multiple persons detected
2026-04-02 16:11:23.763855,Multiple persons detected
2026-04-02 16:11:39.847929,Multiple persons detected
2026-04-02 16:11:40.114600,Multiple persons detected
2026-04-02 16:11:40.807471,Multiple persons detected
2026-04-02 16:11:41.299802,Multiple persons detected
2026-04-02 16:11:42.019059,Multiple persons detected
2026-04-02 16:11:42.494697,Multiple persons detected
2026-04-02 16:11:44.421708,Multiple persons detected
2026-04-02 16:11:44.896667,Multiple persons detected
2026-04-02 16:11:45.374586,Multiple persons detected
2026-04-02 16:11:45.841620,Multiple persons detected
2026-04-02 16:11:46.317968,Multiple persons detected
2026-04-02 16:11:46.806067,Multiple persons detected
2026-04-02 16:11:47.291938,Multiple persons detected
2026-04-02 16:11:47.517883,Multiple persons detected
2026-04-02 16:11:48.000290,Multiple persons detected
2026-04-02 16:11:48.214075,Multiple persons detected
2026-04-02 16:11:48.696421,Multiple persons detected
2026-04-02 16:11:49.188983,Multiple persons detected
2026-04-02 16:11:49.393935,Multiple persons detected
2026-04-02 16:11:49.608975,Multiple persons detected
2026-04-02 16:11:49.821698,Multiple persons detected
2026-04-02 16:11:50.039734,Multiple persons detected
2026-04-02 16:11:50.539514,Multiple persons detected
2026-04-02 16:11:50.738461,Multiple persons detected
2026-04-02 16:11:50.952525,Multiple persons detected
2026-04-02 16:11:51.165051,Multiple persons detected
2026-04-02 16:11:51.376078,Multiple persons detected
2026-04-02 16:11:51.583098,Multiple persons detected
2026-04-02 16:11:53.732060,Phone detected
2026-04-02 16:11:54.655307,Multiple persons detected
2026-04-02 16:11:54.880731,Multiple persons detected
2026-04-02 16:11:55.099777,Multiple persons detected
2026-04-02 16:11:55.312829,Multiple persons detected
2026-04-02 16:11:55.549895,Multiple persons detected
2026-04-02 16:11:55.772454,Multiple persons detected
2026-04-02 16:11:59.803953,Multiple persons detected
2026-04-02 16:12:00.327356,Phone detected
2026-04-02 16:12:00.471451,Multiple persons detected
2026-04-02 16:12:00.697484,Multiple persons detected
2026-04-02 16:12:01.176113,Multiple persons detected
2026-04-02 16:12:01.374632,Multiple persons detected
2026-04-02 16:12:01.595657,Multiple persons detected
2026-04-02 16:12:01.813841,Multiple persons detected
2026-04-02 16:12:02.031907,Multiple persons detected
2026-04-02 16:12:02.245951,Multiple persons detected
2026-04-02 16:12:02.454971,Multiple persons detected
2026-04-02 16:12:02.681524,Phone detected
2026-04-02 16:12:02.683515,Multiple persons detected
2026-04-02 16:12:02.875567,Multiple persons detected
2026-04-02 16:12:03.094530,Multiple persons detected
2026-04-02 16:12:03.291739,Multiple persons detected
2026-04-02 16:12:03.509797,Multiple persons detected
2026-04-02 16:12:03.717891,Multiple persons detected
2026-04-02 16:12:03.960977,Multiple persons detected
2026-04-02 16:12:04.171421,Multiple persons detected
2026-04-02 16:12:04.405600,Phone detected
2026-04-02 16:12:04.408600,Multiple persons detected
2026-04-02 16:12:04.619212,Phone detected
2026-04-02 16:12:04.622211,Multiple persons detected
2026-04-02 16:12:04.829395,Phone detected
2026-04-02 16:12:04.832395,Multiple persons detected
2026-04-02 16:12:05.050398,Phone detected
2026-04-02 16:12:05.062388,Multiple persons detected
2026-04-02 16:12:05.267913,Phone detected
2026-04-02 16:12:05.270913,Multiple persons detected
2026-04-02 16:12:05.465945,Phone detected
2026-04-02 16:12:05.469944,Multiple persons detected
2026-04-02 16:12:05.653470,Phone detected
2026-04-02 16:12:05.668997,Multiple persons detected
2026-04-02 16:12:05.858515,Phone detected
2026-04-02 16:12:05.874019,Multiple persons detected
2026-04-02 16:12:06.060535,Phone detected
2026-04-02 16:12:06.073045,Multiple persons detected
2026-04-02 16:12:06.259559,Phone detected
2026-04-02 16:12:06.273064,Multiple persons detected
2026-04-02 16:12:06.450588,Phone detected
2026-04-02 16:12:06.462588,Multiple persons detected
2026-04-02 16:12:06.655607,Phone detected
2026-04-02 16:12:06.667111,Multiple persons detected
2026-04-02 16:12:06.875173,Phone detected
2026-04-02 16:12:06.878172,Multiple persons detected
2026-04-02 16:12:07.084202,Phone detected
2026-04-02 16:12:07.087197,Multiple persons detected
2026-04-02 16:12:07.278227,Phone detected
2026-04-02 16:12:07.292225,Multiple persons detected
2026-04-02 16:12:07.480285,Phone detected
2026-04-02 16:12:07.483284,Multiple persons detected
2026-04-02 16:12:07.671322,Phone detected
2026-04-02 16:12:07.674322,Multiple persons detected
2026-04-02 16:12:07.882348,Multiple persons detected
2026-04-02 16:12:08.089363,Multiple persons detected
2026-04-02 16:12:08.302400,Multiple persons detected
2026-04-02 16:12:08.509436,Multiple persons detected
2026-04-02 16:12:08.730475,Multiple persons detected
2026-04-02 16:12:08.953560,Multiple persons detected
2026-04-02 16:12:09.153574,Multiple persons detected
2026-04-02 16:12:09.351630,Multiple persons detected
2026-04-02 16:12:09.553668,Multiple persons detected
2026-04-02 16:12:09.750722,Multiple persons detected
2026-04-02 16:12:09.966256,Phone detected
2026-04-02 16:12:09.969256,Multiple persons detected
2026-04-02 16:12:10.195622,Phone detected
2026-04-02 16:12:10.198622,Multiple persons detected
2026-04-02 16:12:10.518356,Multiple persons detected
2026-04-02 16:12:10.835777,Multiple persons detected
2026-04-02 16:12:11.051607,Multiple persons detected
2026-04-02 16:12:11.293740,Multiple persons detected
2026-04-02 16:12:11.524761,Multiple persons detected
2026-04-02 16:12:11.742783,Multiple persons detected
2026-04-02 16:12:12.059759,Multiple persons detected
2026-04-02 16:12:12.285289,Multiple persons detected
2026-04-02 16:12:12.612867,Multiple persons detected
2026-04-02 16:12:12.843893,Multiple persons detected
2026-04-02 16:12:13.067418,Phone detected
2026-04-02 16:12:13.070417,Multiple persons detected
2026-04-02 16:12:13.266430,Multiple persons detected
2026-04-02 16:12:13.462945,Multiple persons detected
2026-04-02 16:12:13.674494,Multiple persons detected
2026-04-02 16:12:13.890551,Multiple persons detected
2026-04-02 16:12:14.096555,Phone detected
2026-04-02 16:12:14.098555,Multiple persons detected
2026-04-02 16:12:14.295616,Phone detected
2026-04-02 16:12:14.298616,Multiple persons detected
2026-04-02 16:12:14.470628,Phone detected
2026-04-02 16:12:14.473628,Multiple persons detected
2026-04-02 16:12:14.669645,Phone detected
2026-04-02 16:12:14.682644,Multiple persons detected
2026-04-02 16:12:15.143801,Multiple persons detected
2026-04-02 16:12:15.640779,Multiple persons detected
2026-04-02 16:12:15.847884,Multiple persons detected
2026-04-02 16:12:16.331542,Multiple persons detected
2026-04-02 16:12:16.809985,Multiple persons detected
2026-04-02 16:12:17.299471,Multiple persons detected
2026-04-02 16:12:17.782011,Multiple persons detected
2026-04-02 16:12:17.973869,Multiple persons detected
2026-04-02 16:12:18.454612,Multiple persons detected
2026-04-02 16:12:18.934882,Multiple persons detected
2026-04-02 16:12:19.414754,Multiple persons detected
2026-04-02 16:12:19.894102,Multiple persons detected
2026-04-02 16:12:20.093247,Multiple persons detected
2026-04-02 16:12:20.409588,Multiple persons detected
2026-04-02 16:12:20.617028,Multiple persons detected
2026-04-02 16:12:20.827614,Multiple persons detected
2026-04-02 16:12:21.051661,Multiple persons detected
2026-04-02 16:12:21.273988,Multiple persons detected
2026-04-02 16:12:21.355987,Multiple persons detected
2026-04-02 16:12:21.515783,Multiple persons detected
2026-04-02 16:12:21.733736,Multiple persons detected
2026-04-02 16:12:22.115097,Phone detected
2026-04-02 16:12:22.403707,Multiple persons detected
2026-04-02 16:12:24.019791,Multiple persons detected
2026-04-02 16:12:24.477774,Multiple persons detected
2026-04-02 16:12:24.702714,Multiple persons detected
2026-04-02 16:13:02.531580,Multiple persons detected
2026-04-02 16:13:02.786626,Multiple persons detected
2026-04-02 16:13:03.053230,Multiple persons detected
2026-04-02 16:13:03.304590,Multiple persons detected
2026-04-02 16:13:04.074593,Multiple persons detected
2026-04-02 16:13:04.320657,Multiple persons detected
2026-04-02 16:13:04.562061,Multiple persons detected
2026-04-02 16:13:04.898429,Multiple persons detected
2026-04-02 16:13:05.113522,Multiple persons detected
2026-04-02 16:13:05.408470,Multiple persons detected
2026-04-02 16:13:05.644014,Multiple persons detected
2026-04-02 16:13:06.128080,Multiple persons detected
2026-04-02 16:13:06.368844,Multiple persons detected
2026-04-02 16:13:06.877492,Multiple persons detected
2026-04-02 16:13:07.371096,Multiple persons detected
2026-04-02 16:13:07.868551,Multiple persons detected
2026-04-02 16:13:08.110732,Multiple persons detected
2026-04-02 16:13:08.337430,Multiple persons detected
2026-04-02 16:13:08.578464,Multiple persons detected
2026-04-02 16:13:08.985517,Multiple persons detected
2026-04-02 16:13:09.208573,Multiple persons detected
2026-04-02 16:13:09.419642,Multiple persons detected
2026-04-02 16:13:09.646009,Multiple persons detected
2026-04-02 16:13:09.873029,Multiple persons detected
2026-04-02 16:13:10.100694,Multiple persons detected
2026-04-02 16:13:10.343253,Multiple persons detected
2026-04-02 16:13:10.569294,Multiple persons detected
2026-04-02 16:13:10.819316,Multiple persons detected
2026-04-02 16:13:11.140652,Multiple persons detected
2026-04-02 16:13:11.392608,Multiple persons detected
2026-04-02 16:13:11.680143,Multiple persons detected
2026-04-02 16:13:11.904156,Multiple persons detected
2026-04-02 16:13:11.912159,Looking Left
2026-04-02 16:13:12.122182,Multiple persons detected
2026-04-02 16:13:12.369771,Multiple persons detected
2026-04-02 16:13:12.612265,Multiple persons detected
2026-04-02 16:13:13.118814,Multiple persons detected
2026-04-02 16:13:13.362389,Multiple persons detected
2026-04-02 16:13:13.586404,Multiple persons detected
2026-04-02 16:13:13.830428,Multiple persons detected
2026-04-02 16:13:14.032446,Multiple persons detected
2026-04-02 16:13:14.231005,Multiple persons detected
2026-04-02 16:13:14.427026,Multiple persons detected
2026-04-02 16:13:14.689587,Multiple persons detected
2026-04-02 16:13:14.696603,Looking Left
2026-04-02 16:13:14.928227,Multiple persons detected
2026-04-02 16:13:15.183415,Multiple persons detected
2026-04-02 16:13:15.190419,Looking Right
2026-04-02 16:13:15.422455,Multiple persons detected
2026-04-02 16:13:15.893353,Multiple persons detected
2026-04-02 16:13:16.154828,Multiple persons detected
2026-04-02 16:13:16.433245,Multiple persons detected
2026-04-02 16:13:16.946861,Multiple persons detected
2026-04-02 16:13:17.191389,Multiple persons detected
2026-04-02 16:13:17.449751,Multiple persons detected
2026-04-02 16:13:17.454758,Looking Right
2026-04-02 16:13:17.739149,Multiple persons detected
2026-04-02 16:13:17.743670,Looking Right
2026-04-02 16:13:17.993357,Multiple persons detected
2026-04-02 16:13:17.998352,Looking Right
2026-04-02 16:13:18.216402,Multiple persons detected
2026-04-02 16:13:18.221400,Looking Right
2026-04-02 16:13:18.446960,Multiple persons detected
2026-04-02 16:13:18.688984,Multiple persons detected
2026-04-02 16:13:18.928770,Multiple persons detected
2026-04-02 16:13:19.199300,Multiple persons detected
2026-04-02 16:13:19.204345,Looking Right
2026-04-02 16:13:19.452586,Multiple persons detected
2026-04-02 16:13:19.457587,Looking Right
2026-04-02 16:13:19.713857,Multiple persons detected
2026-04-02 16:13:19.951380,Multiple persons detected
2026-04-02 16:13:20.149404,Multiple persons detected
2026-04-02 16:13:20.374439,Multiple persons detected
2026-04-02 16:13:20.844643,Multiple persons detected
2026-04-02 16:13:21.066606,Multiple persons detected
2026-04-02 16:13:21.323620,Multiple persons detected
2026-04-02 16:13:21.557366,Multiple persons detected
2026-04-02 16:13:21.768390,Multiple persons detected
2026-04-02 16:13:21.984402,Multiple persons detected
2026-04-02 16:13:22.232430,Multiple persons detected
2026-04-02 16:13:22.460968,Multiple persons detected
2026-04-02 16:13:22.674986,Multiple persons detected
2026-04-02 16:13:23.155501,Multiple persons detected
2026-04-02 16:13:23.370839,Multiple persons detected
2026-04-02 16:13:23.655025,Multiple persons detected
2026-04-02 16:13:23.885107,Multiple persons detected
2026-04-02 16:13:24.099637,Multiple persons detected
2026-04-02 16:13:24.104637,Looking Left
2026-04-02 16:13:24.349166,Multiple persons detected
2026-04-02 16:13:24.354166,Looking Right
2026-04-02 16:13:24.732911,Multiple persons detected
2026-04-02 16:13:24.737904,Looking Right
2026-04-02 16:13:25.001416,Multiple persons detected
2026-04-02 16:13:25.243141,Multiple persons detected
2026-04-02 16:13:25.507864,Multiple persons detected
2026-04-02 16:13:25.835572,Multiple persons detected
2026-04-02 16:13:26.089392,Multiple persons detected
2026-04-02 16:13:26.095393,Looking Right
2026-04-02 16:13:26.365945,Multiple persons detected
2026-04-02 16:13:26.370938,Looking Right
2026-04-02 16:13:26.610958,Multiple persons detected
2026-04-02 16:13:26.615958,Looking Right
2026-04-02 16:13:26.837586,Multiple persons detected
2026-04-02 16:13:26.842586,Looking Right
2026-04-02 16:13:27.048987,Multiple persons detected
2026-04-02 16:13:27.265004,Multiple persons detected
2026-04-02 16:13:27.561563,Multiple persons detected
2026-04-02 16:13:27.853096,Multiple persons detected
2026-04-02 16:13:28.074111,Multiple persons detected
2026-04-02 16:13:28.079112,Looking Right
2026-04-02 16:13:28.312166,Multiple persons detected
2026-04-02 16:13:28.317166,Looking Right
2026-04-02 16:13:28.542194,Multiple persons detected
2026-04-02 16:13:28.547699,Looking Right
2026-04-02 16:13:28.790717,Multiple persons detected
2026-04-02 16:13:28.796716,Looking Right
2026-04-02 16:13:29.000764,Multiple persons detected
2026-04-02 16:13:29.004764,Looking Right
2026-04-02 16:13:29.232630,Multiple persons detected
2026-04-02 16:13:29.237627,Looking Right
2026-04-02 16:13:29.459147,Multiple persons detected
2026-04-02 16:13:29.465146,Looking Right
2026-04-02 16:13:29.671167,Multiple persons detected
2026-04-02 16:13:29.676167,Looking Right
2026-04-02 16:13:29.900181,Multiple persons detected
2026-04-02 16:13:30.128207,Multiple persons detected
2026-04-02 16:13:30.360745,Multiple persons detected
2026-04-02 16:13:30.583768,Multiple persons detected
2026-04-02 16:13:30.779788,Multiple persons detected
2026-04-02 16:13:30.784788,Looking Left
2026-04-02 16:13:31.020809,Multiple persons detected
2026-04-02 16:13:31.025812,Looking Left
2026-04-02 16:13:31.265375,Multiple persons detected
2026-04-02 16:13:31.271375,Looking Left
2026-04-02 16:13:31.485396,Multiple persons detected
2026-04-02 16:13:31.491397,Looking Left
2026-04-02 16:13:31.719414,Multiple persons detected
2026-04-02 16:13:31.724414,Looking Left
2026-04-02 16:13:31.944456,Multiple persons detected
2026-04-02 16:13:31.949966,Looking Left
2026-04-02 16:13:32.164983,Multiple persons detected
2026-04-02 16:13:32.423036,Multiple persons detected
2026-04-02 16:13:32.634059,Multiple persons detected
2026-04-02 16:13:32.837087,Multiple persons detected
2026-04-02 16:13:33.045110,Multiple persons detected
2026-04-02 16:13:33.283279,Multiple persons detected
2026-04-02 16:13:33.500344,Multiple persons detected
2026-04-02 16:13:33.727231,Multiple persons detected
2026-04-02 16:13:33.959766,Multiple persons detected
2026-04-02 16:13:34.190805,Multiple persons detected
2026-04-02 16:13:34.195807,Looking Left
2026-04-02 16:13:34.487373,Multiple persons detected
2026-04-02 16:13:34.768228,Multiple persons detected
2026-04-02 16:13:34.773241,Looking Left
2026-04-02 16:13:34.988398,Multiple persons detected
2026-04-02 16:13:35.224456,Multiple persons detected
2026-04-02 16:13:35.509867,Multiple persons detected
2026-04-02 16:13:35.729813,Multiple persons detected
2026-04-02 16:13:35.950333,Multiple persons detected
2026-04-02 16:13:36.451513,Multiple persons detected
2026-04-02 16:13:36.683195,Multiple persons detected
2026-04-02 16:13:36.896223,Multiple persons detected
2026-04-02 16:13:37.132264,Multiple persons detected
2026-04-02 16:13:37.632926,Multiple persons detected
2026-04-02 16:13:38.117526,Multiple persons detected
2026-04-02 16:13:38.349200,Multiple persons detected
2026-04-02 16:13:38.573738,Multiple persons detected
2026-04-02 16:13:38.797761,Multiple persons detected
2026-04-02 16:13:39.035844,Multiple persons detected
2026-04-02 16:13:39.258385,Multiple persons detected
2026-04-02 16:13:39.499400,Multiple persons detected
2026-04-02 16:13:40.013602,Multiple persons detected
2026-04-02 16:13:40.487607,Multiple persons detected
2026-04-02 16:13:40.720094,Multiple persons detected
2026-04-02 16:13:41.199571,Multiple persons detected
2026-04-02 16:13:41.451275,Multiple persons detected
2026-04-02 16:13:41.456760,Looking Right
2026-04-02 16:13:41.672316,Multiple persons detected
2026-04-02 16:13:41.677317,Looking Right
2026-04-02 16:13:41.916897,Multiple persons detected
2026-04-02 16:13:41.921897,Looking Right
2026-04-02 16:13:42.693455,Multiple persons detected
2026-04-02 16:13:42.698472,Looking Right
2026-04-02 16:13:42.922631,Multiple persons detected
2026-04-02 16:13:42.927628,Looking Left
2026-04-02 16:13:43.404686,Multiple persons detected
2026-04-02 16:13:43.408615,Looking Left
2026-04-02 16:13:43.615642,Multiple persons detected
2026-04-02 16:13:43.620640,Looking Left
2026-04-02 16:13:43.839684,Multiple persons detected
2026-04-02 16:13:44.079202,Multiple persons detected
2026-04-02 16:13:44.563715,Multiple persons detected
2026-04-02 16:13:44.786928,Multiple persons detected
2026-04-02 16:13:45.277539,Multiple persons detected
2026-04-02 16:13:45.826811,Multiple persons detected
2026-04-02 16:13:46.056191,Multiple persons detected
2026-04-02 16:13:46.275954,Multiple persons detected
2026-04-02 16:13:46.801801,Multiple persons detected
2026-04-02 16:13:47.297707,Multiple persons detected
2026-04-02 16:13:48.049202,Multiple persons detected
2026-04-02 16:13:48.550655,Multiple persons detected
2026-04-02 16:13:49.290729,Multiple persons detected
2026-04-02 16:13:49.790180,Multiple persons detected
2026-04-02 16:13:50.025450,Multiple persons detected
2026-04-02 16:13:50.278550,Multiple persons detected
2026-04-02 16:13:50.516566,Multiple persons detected
2026-04-02 16:13:51.004446,Multiple persons detected
2026-04-02 16:13:51.494522,Multiple persons detected
2026-04-02 19:42:30.531483,Phone detected
2026-04-02 19:42:30.963172,Phone detected
2026-04-02 19:42:31.319709,Phone detected
2026-04-02 19:42:31.729899,Phone detected
2026-04-02 19:42:32.164301,Phone detected
2026-04-02 19:42:32.510468,Phone detected
2026-04-03 19:35:19.951839,Looking Right
2026-04-03 19:35:20.251021,Looking Right
2026-04-03 19:35:20.268497,Looking Right
2026-04-03 19:35:20.561967,Looking Right
2026-04-03 19:35:20.570304,Looking Right
2026-04-03 19:35:20.857477,Looking Right
2026-04-03 19:35:20.871040,Looking Right
2026-04-03 19:35:21.242884,Looking Right
2026-04-03 19:35:21.266437,Looking Right
2026-04-03 19:35:21.550641,Looking Right
2026-04-03 19:35:22.262166,Looking Left
2026-04-03 19:35:22.553749,Looking Left
2026-04-03 19:35:22.578047,Looking Left
2026-04-03 19:35:22.862595,Looking Left
2026-04-03 19:35:22.877734,Looking Left
2026-04-03 19:35:23.250352,Looking Left
2026-04-03 19:35:23.270702,Looking Left
2026-04-03 19:35:23.555354,Looking Left
2026-04-03 19:35:23.571423,Looking Left
2026-04-03 19:35:23.861624,Looking Left
2026-04-03 19:35:23.886558,Looking Left
2026-04-03 19:35:24.237592,Looking Left
2026-04-03 19:35:24.530832,Looking Left
2026-04-03 19:35:35.411706,Looking Left
2026-04-03 19:35:35.443367,Looking Left
2026-04-03 22:15:35.499564,Looking Right
2026-04-03 22:15:35.540251,Looking Right
2026-04-03 22:15:35.563009,Looking Right
2026-04-03 22:15:35.605793,Looking Right
2026-04-03 22:15:35.627980,Looking Right
2026-04-03 22:15:35.685688,Looking Right
2026-04-03 22:15:35.707750,Looking Right
2026-04-03 22:15:35.748952,Looking Right
2026-04-03 22:15:35.771973,Looking Right
2026-04-03 22:15:35.812401,Looking Right
2026-04-03 22:15:35.835737,Looking Right
2026-04-03 22:15:35.876341,Looking Right
2026-04-03 22:15:35.900160,Looking Right
2026-04-03 22:15:35.939903,Looking Right
2026-04-03 22:15:35.962739,Looking Right
2026-04-03 22:15:36.005542,Looking Right
2026-04-03 22:15:36.027544,Looking Right
2026-04-03 22:15:36.085156,Looking Right
2026-04-03 22:15:36.107034,Looking Right
2026-04-03 22:15:36.148468,Looking Right
2026-04-03 22:15:36.170828,Looking Right
2026-04-03 22:15:36.212479,Looking Right
2026-04-03 22:15:36.236146,Looking Right
2026-04-03 22:15:36.276976,Looking Right
2026-04-03 22:15:36.299342,Looking Right
2026-04-03 22:15:36.341813,Looking Right
2026-04-03 22:15:36.363147,Looking Right
2026-04-03 22:15:36.405721,Looking Right
2026-04-03 22:15:36.428548,Looking Right
2026-04-03 22:15:36.486037,Looking Right
2026-04-03 22:15:36.507466,Looking Right
2026-04-03 22:15:36.548456,Looking Right
2026-04-03 22:15:36.570935,Looking Right
2026-04-03 22:15:36.613713,Looking Right
2026-04-03 22:15:36.635051,Looking Right
2026-04-03 22:15:36.677789,Looking Right
2026-04-03 22:15:36.699411,Looking Right
2026-04-03 22:15:36.750964,Looking Right
2026-04-03 22:15:36.771928,Looking Right
2026-04-03 22:15:36.804157,Looking Right
2026-04-03 22:15:36.827605,Looking Right
2026-04-03 22:15:36.884919,Looking Right
2026-04-03 22:15:36.906606,Looking Right
2026-04-03 22:15:36.948779,Looking Right
2026-04-03 22:15:36.971525,Looking Right
2026-04-03 22:15:37.012580,Looking Right
2026-04-03 22:15:37.035464,Looking Right
2026-04-03 22:15:37.076708,Looking Right
2026-04-03 22:15:37.100002,Looking Right
2026-04-03 22:15:37.140730,Looking Right
2026-04-03 22:15:37.163154,Looking Right
2026-04-03 22:15:37.205674,Looking Right
2026-04-03 22:15:37.226827,Looking Right
2026-04-03 22:15:37.284706,Looking Right
2026-04-03 22:15:37.307489,Looking Right
2026-04-03 22:15:37.349301,Looking Right
2026-04-03 22:15:37.415261,Looking Right
2026-04-03 22:15:37.435327,Looking Right
2026-04-03 22:15:37.476950,Looking Right
2026-04-03 22:15:37.814438,Looking Right
2026-04-03 22:15:37.835182,Looking Right
2026-04-03 22:15:37.876745,Looking Right
2026-04-03 22:15:37.898804,Looking Right
2026-04-03 22:15:37.941066,Looking Right
2026-04-03 22:15:37.963617,Looking Right
2026-04-03 22:15:38.004308,Looking Right
2026-04-03 22:15:38.027041,Looking Right
2026-04-03 22:15:38.084652,Looking Right
2026-04-03 22:15:38.106855,Looking Right
2026-04-03 22:15:38.149673,Looking Right
2026-04-03 22:15:38.171077,Looking Right
2026-04-03 22:15:38.212134,Looking Right
2026-04-03 22:15:38.235203,Looking Right
2026-04-03 22:15:38.301090,Looking Right
2026-04-03 22:15:38.340767,Looking Right
2026-04-03 22:15:38.366551,Looking Right
2026-04-03 22:15:38.883872,Looking Left
2026-04-03 22:15:38.907062,Looking Left
2026-04-03 22:15:38.950880,Looking Left
2026-04-03 22:15:39.629123,Looking Left
2026-04-03 22:15:39.684380,Looking Left
2026-04-03 22:15:39.707392,Looking Left
2026-04-03 22:15:39.748764,Looking Left
2026-04-03 22:15:39.770771,Looking Left
2026-04-03 22:15:39.813721,Looking Left
2026-04-03 22:15:39.835447,Looking Left
2026-04-03 22:17:38.849154,Looking Right
2026-04-03 22:17:38.891654,Looking Right
2026-04-03 22:17:38.913161,Looking Right
2026-04-03 22:17:38.954966,Looking Right
2026-04-03 22:17:38.978129,Looking Right
2026-04-03 22:17:39.019136,Looking Right
2026-04-03 22:17:39.041556,Looking Right
2026-04-03 22:17:39.082387,Looking Right
2026-04-03 22:17:39.105101,Looking Right
2026-04-03 22:17:39.162911,Looking Right
2026-04-03 22:17:39.184976,Looking Right
2026-04-03 22:17:39.227424,Looking Right
2026-04-03 22:17:39.249564,Looking Right
2026-04-03 22:17:39.290981,Looking Right
2026-04-03 22:17:39.313080,Looking Right
2026-04-03 22:17:39.354762,Looking Right
2026-04-03 22:17:39.377566,Looking Right
2026-04-03 22:17:39.418345,Looking Right
2026-04-03 22:17:39.441411,Looking Right
2026-04-03 22:17:39.482172,Looking Right
2026-04-03 22:17:39.506014,Looking Right
2026-04-03 22:17:39.562465,Looking Right
2026-04-03 22:17:39.584659,Looking Right
2026-04-03 22:17:39.626019,Looking Right
2026-04-03 22:17:39.648891,Looking Right
2026-04-03 22:17:39.690752,Looking Right
2026-04-03 22:17:39.713467,Looking Right
2026-04-03 22:17:39.754356,Looking Right
2026-04-03 22:17:39.777663,Looking Right
2026-04-03 22:17:39.818727,Looking Right
2026-04-03 22:17:39.840619,Looking Right
2026-04-03 22:17:39.882746,Looking Right
2026-04-03 22:17:39.906032,Looking Right
2026-04-03 22:17:39.962651,Looking Right
2026-04-03 22:17:39.985079,Looking Right
2026-04-03 22:17:40.027500,Looking Right
2026-04-03 22:17:40.049608,Looking Right
2026-04-03 22:17:40.090876,Looking Right
2026-04-03 22:17:40.113434,Looking Right
2026-04-03 22:17:40.154614,Looking Right
2026-04-03 22:17:40.176860,Looking Right
2026-04-03 22:17:40.218238,Looking Right
2026-04-03 22:17:40.241162,Looking Right
2026-04-03 22:17:40.282366,Looking Right
2026-04-03 22:17:40.305019,Looking Right
2026-04-03 22:17:41.882740,Looking Left
2026-04-03 22:17:41.905181,Looking Left
2026-04-03 22:17:41.985475,Looking Left
2026-04-03 22:17:42.091012,Looking Left
2026-04-03 22:17:42.156481,Looking Left
2026-04-03 22:17:42.218595,Looking Left
2026-04-03 22:17:42.241185,Looking Left
2026-04-03 22:17:42.282478,Looking Left
2026-04-03 22:17:42.304967,Looking Left
2026-04-03 22:17:42.362468,Looking Left
2026-04-03 22:17:42.385022,Looking Left
2026-04-03 22:17:42.620087,Looking Left
2026-04-03 22:17:42.643474,Looking Left
2026-04-03 22:17:42.682161,Looking Left
2026-04-03 22:17:42.705330,Looking Left
2026-04-03 22:17:42.747492,Looking Left
2026-04-03 22:17:42.785237,Looking Left
2026-04-03 22:17:42.827549,Looking Left
2026-04-03 22:17:43.041354,Looking Left
2026-04-03 22:17:46.387277,Looking Left
2026-04-03 22:17:46.426450,Looking Left
2026-04-03 22:17:46.490552,Looking Left
2026-04-03 22:17:52.425886,Looking Left
2026-04-03 22:17:52.490371,Looking Left
2026-04-03 22:17:52.505109,Looking Left
2026-04-03 22:17:52.554278,Looking Left
2026-04-03 22:17:52.568291,Looking Left
2026-04-03 22:17:52.618505,Looking Left
2026-04-03 22:17:52.630900,Looking Left
2026-04-03 22:17:52.684022,Looking Left
2026-04-03 22:17:52.692914,Looking Left
2026-04-03 22:17:52.746157,Looking Left
2026-04-03 22:17:52.755291,Looking Left
2026-04-03 22:17:52.826687,Looking Left
2026-04-03 22:17:52.956295,Looking Left
2026-04-03 22:17:53.376859,Looking Left
2026-04-03 22:17:53.417898,Looking Left
2026-04-03 22:17:53.439185,Looking Left
2026-04-03 22:17:53.482979,Looking Left
2026-04-03 22:17:53.501551,Looking Left
2026-04-03 22:17:53.546760,Looking Left
2026-04-03 22:17:54.955997,Looking Left
2026-04-03 22:17:54.967525,Looking Left
2026-04-03 22:17:55.018290,Looking Left
2026-04-03 22:17:55.031295,Looking Left
2026-04-03 22:17:55.148891,Looking Left
2026-04-03 22:17:55.156898,Looking Left
2026-04-03 22:17:55.474868,Looking Left
2026-04-03 22:17:56.043245,Looking Right
2026-04-03 22:17:56.055990,Looking Right
2026-04-03 22:17:56.329877,Looking Right
2026-04-03 22:17:58.383394,Looking Right
2026-04-03 22:17:58.657354,Looking Right
2026-04-03 22:17:58.669183,Looking Right
2026-04-03 22:17:58.941959,Looking Right
2026-04-03 22:17:58.954006,Looking Right
2026-04-03 22:17:59.242521,Looking Right
2026-04-03 22:17:59.256053,Looking Right
2026-04-03 22:17:59.530589,Looking Right
2026-04-03 22:17:59.541465,Looking Right
2026-04-03 22:18:00.174993,Looking Left
2026-04-03 22:18:00.448228,Looking Left
2026-04-03 22:18:00.461236,Looking Left
2026-04-03 22:18:00.735691,Looking Left
2026-04-03 22:18:01.021614,Looking Left
2026-04-03 22:18:01.307886,Looking Left
2026-04-03 22:18:02.217708,Looking Left
2026-04-03 22:18:02.498152,Looking Left
2026-04-03 22:18:02.519828,Looking Left
2026-04-03 22:18:02.794556,Looking Left
2026-04-03 22:18:02.804393,Looking Left
2026-04-03 22:18:03.079239,Looking Left
2026-04-03 22:18:03.090236,Looking Left
2026-04-03 22:18:03.364009,Looking Left
2026-04-03 22:18:03.679435,Looking Left
2026-04-03 22:18:03.951120,Looking Left
2026-04-03 22:18:03.962396,Looking Left
2026-04-03 22:18:04.274735,Looking Left
2026-04-03 22:20:25.973143,Looking Right
2026-04-03 22:20:26.251739,Looking Right
2026-04-03 22:20:26.272319,Looking Right
2026-04-03 22:20:26.549126,Looking Right
2026-04-03 22:20:26.571242,Looking Right
2026-04-03 22:20:26.846908,Looking Right
2026-04-03 22:20:26.854913,Looking Right
2026-04-03 22:20:27.130075,Looking Right
2026-04-03 22:20:27.470214,Looking Left
2026-04-03 22:20:27.745375,Looking Left
2026-04-03 22:20:27.756464,Looking Left
2026-04-03 22:20:28.032317,Looking Left
2026-04-03 22:20:28.040310,Looking Left
2026-04-03 22:20:28.317021,Looking Left
2026-04-03 22:20:29.181262,Looking Right
2026-04-03 22:20:29.639198,Looking Right
2026-04-03 22:20:36.329156,Looking Right
2026-04-03 22:20:36.611375,Looking Right
2026-04-03 22:20:47.440802,Looking Right
2026-04-03 22:20:47.715334,Looking Right
2026-04-03 22:20:48.000077,Looking Right
2026-04-03 22:20:54.989308,Looking Right
2026-04-03 22:20:55.264569,Looking Right
2026-04-03 22:20:55.559826,Looking Left
2026-04-03 22:20:55.834672,Looking Left
2026-04-03 22:20:55.844674,Looking Left
2026-04-03 22:22:08.196783,Looking Right
2026-04-03 22:22:19.198356,Phone detected
2026-04-03 22:22:19.372392,Phone detected
2026-04-03 22:22:23.052817,Phone detected
2026-04-03 22:22:23.482758,Phone detected
2026-04-03 22:22:23.927131,Phone detected
2026-04-03 22:22:24.354037,Phone detected
2026-04-03 22:22:24.535885,Phone detected
2026-04-03 22:22:24.986499,Phone detected
2026-04-03 22:22:31.269582,Phone detected
2026-04-03 22:22:31.725482,Phone detected
2026-04-03 22:22:32.172981,Phone detected
2026-04-03 22:22:32.240181,Phone detected
2026-04-03 22:22:54.706633,Looking Left
2026-04-03 22:22:55.173835,Looking Left
2026-04-03 22:22:55.610496,Looking Left
2026-04-03 22:22:56.505948,Looking Right
2026-04-03 22:22:56.951051,Looking Right
2026-04-03 22:22:57.394493,Looking Right
2026-04-03 22:25:25.288152,Looking Right
2026-04-03 22:25:25.767740,Looking Right
2026-04-03 22:25:26.225629,Looking Right
2026-04-03 22:25:27.149368,Looking Left
2026-04-03 22:25:27.606890,Looking Left
2026-04-03 22:25:28.061599,Looking Left
2026-04-03 22:25:29.210417,Looking Left
2026-04-03 22:25:29.843298,Looking Right
2026-04-03 22:25:31.216387,Multiple persons detected
2026-04-03 22:25:38.389194,Multiple persons detected
2026-04-03 22:25:38.848813,Multiple persons detected
2026-04-03 22:25:39.114366,Multiple persons detected
2026-04-03 22:25:40.322659,Multiple persons detected
2026-04-03 22:25:41.529529,Multiple persons detected
2026-04-03 22:25:42.065451,Multiple persons detected
2026-04-03 22:25:42.846550,Multiple persons detected
2026-04-03 22:25:43.759614,Multiple persons detected
2026-04-03 22:25:44.297999,Multiple persons detected
2026-04-03 22:25:44.754580,Multiple persons detected
2026-04-03 22:25:45.471057,Multiple persons detected
2026-04-03 22:25:49.704847,Multiple persons detected
2026-04-03 22:25:50.561350,Phone detected
2026-04-03 22:25:52.268414,Phone detected
2026-04-03 22:25:53.728230,Phone detected
2026-04-03 22:27:02.909765,Multiple persons detected
2026-04-03 22:27:03.175296,Multiple persons detected
2026-04-03 22:27:03.396325,Multiple persons detected
2026-04-03 22:27:03.629867,Multiple persons detected
2026-04-03 22:27:03.855883,Multiple persons detected
2026-04-03 22:27:04.345423,Multiple persons detected
2026-04-03 22:27:04.815895,Multiple persons detected
2026-04-03 22:27:05.027336,Multiple persons detected
2026-04-03 22:27:05.258364,Multiple persons detected
2026-04-03 22:27:05.457418,Multiple persons detected
2026-04-03 22:27:05.669642,Multiple persons detected
2026-04-03 22:27:05.895762,Multiple persons detected
2026-04-03 22:27:06.113891,Multiple persons detected
2026-04-03 22:27:06.337446,Multiple persons detected
2026-04-03 22:27:06.557485,Multiple persons detected
2026-04-03 22:27:06.765773,Multiple persons detected
2026-04-03 22:27:06.975039,Multiple persons detected
2026-04-03 22:27:07.193281,Multiple persons detected
2026-04-03 22:27:07.394329,Multiple persons detected
2026-04-03 22:27:07.859406,Multiple persons detected
2026-04-03 22:27:08.075343,Multiple persons detected
2026-04-03 22:27:08.291363,Multiple persons detected
2026-04-03 22:27:08.499460,Multiple persons detected
2026-04-03 22:27:08.699470,Multiple persons detected
2026-04-03 22:27:08.887492,Multiple persons detected
2026-04-03 22:27:09.058516,Multiple persons detected
2026-04-03 22:27:09.213026,Multiple persons detected
2026-04-03 22:27:09.358070,Multiple persons detected
2026-04-03 22:27:09.503581,Multiple persons detected
2026-04-03 22:27:09.632611,Multiple persons detected
2026-04-03 22:27:09.759130,Multiple persons detected
2026-04-03 22:27:09.881643,Multiple persons detected
2026-04-03 22:27:09.997164,Multiple persons detected
2026-04-03 22:27:10.131198,Multiple persons detected
2026-04-03 22:27:10.273710,Multiple persons detected
2026-04-03 22:27:10.688786,Multiple persons detected
2026-04-03 22:27:11.135682,Multiple persons detected
2026-04-03 22:27:11.320098,Multiple persons detected
2026-04-03 22:27:11.521631,Multiple persons detected
2026-04-03 22:27:12.030238,Multiple persons detected
2026-04-03 22:27:12.274159,Multiple persons detected
2026-04-03 22:27:12.501195,Multiple persons detected
2026-04-03 22:27:12.709948,Multiple persons detected
2026-04-03 22:27:12.945507,Multiple persons detected
2026-04-03 22:27:13.179562,Multiple persons detected
2026-04-03 22:27:13.455141,Multiple persons detected
2026-04-03 22:27:13.725240,Multiple persons detected
2026-04-03 22:27:13.951833,Multiple persons detected
2026-04-03 22:27:14.177936,Multiple persons detected
2026-04-03 22:27:14.397133,Multiple persons detected
2026-04-03 22:27:14.625101,Multiple persons detected
2026-04-03 22:27:14.853282,Multiple persons detected
2026-04-03 22:27:15.101500,Multiple persons detected
2026-04-03 22:27:15.349772,Multiple persons detected
2026-04-03 22:27:15.821828,Multiple persons detected
2026-04-03 22:27:16.077352,Multiple persons detected
2026-04-03 22:27:16.324891,Multiple persons detected
2026-04-03 22:27:16.556764,Multiple persons detected
2026-04-03 22:27:16.808789,Multiple persons detected
2026-04-03 22:27:17.055336,Multiple persons detected
2026-04-03 22:27:17.308239,Multiple persons detected
2026-04-03 22:27:17.547125,Multiple persons detected
2026-04-03 22:27:17.773153,Multiple persons detected
2026-04-03 22:27:17.969180,Multiple persons detected
2026-04-03 22:27:18.145206,Multiple persons detected
2026-04-03 22:27:18.293714,Multiple persons detected
2026-04-03 22:27:18.470763,Multiple persons detected
2026-04-03 22:27:18.614285,Multiple persons detected
2026-04-03 22:27:18.746298,Multiple persons detected
2026-04-03 22:27:18.875806,Multiple persons detected
2026-04-03 22:27:19.122872,Multiple persons detected
2026-04-03 22:27:19.265887,Multiple persons detected
2026-04-03 22:27:19.419407,Multiple persons detected
2026-04-03 22:27:19.930469,Multiple persons detected
2026-04-03 22:27:21.109229,Multiple persons detected
2026-04-03 22:27:21.362803,Multiple persons detected
2026-04-03 22:27:21.551866,Multiple persons detected
2026-04-03 22:27:21.719376,Multiple persons detected
2026-04-03 22:27:21.802882,Multiple persons detected
2026-04-03 22:27:21.897390,Multiple persons detected
2026-04-03 22:27:21.997907,Multiple persons detected
2026-04-03 22:27:22.189942,Multiple persons detected
2026-04-03 22:27:22.291466,Multiple persons detected
2026-04-03 22:27:22.559027,Multiple persons detected
2026-04-03 22:27:22.887580,Multiple persons detected
2026-04-03 22:27:23.075670,Multiple persons detected
2026-04-03 22:27:23.349207,Multiple persons detected
2026-04-03 22:27:23.521727,Multiple persons detected
2026-04-03 22:27:23.618236,Multiple persons detected
2026-04-03 22:27:23.798261,Multiple persons detected
2026-04-03 22:27:24.153115,Multiple persons detected
2026-04-03 22:27:24.268636,Multiple persons detected
2026-04-03 22:27:24.462672,Multiple persons detected
2026-04-03 22:27:24.562182,Multiple persons detected
2026-04-03 22:27:24.708716,Multiple persons detected
2026-04-03 22:27:24.962271,Multiple persons detected
2026-04-03 22:27:25.343313,Multiple persons detected
2026-04-03 22:27:25.531332,Multiple persons detected
2026-04-03 22:27:25.735352,Multiple persons detected
2026-04-03 22:27:25.742354,Looking Right
2026-04-03 22:27:26.200643,Multiple persons detected
2026-04-03 22:27:26.204635,Looking Right
2026-04-03 22:27:26.531760,Multiple persons detected
2026-04-03 22:27:27.436844,Multiple persons detected
2026-04-03 22:27:32.679006,Multiple persons detected
2026-04-03 22:27:35.953880,Multiple persons detected
2026-04-03 22:27:36.158922,Multiple persons detected
2026-04-03 22:27:36.360966,Multiple persons detected
2026-04-03 22:27:36.833750,Multiple persons detected
2026-04-03 22:27:37.035777,Multiple persons detected
2026-04-03 22:27:37.232796,Multiple persons detected
2026-04-03 22:27:37.419334,Multiple persons detected
2026-04-03 22:27:37.622352,Multiple persons detected
2026-04-03 22:27:37.828375,Multiple persons detected
2026-04-03 22:27:38.016432,Multiple persons detected
2026-04-03 22:27:38.209445,Multiple persons detected
2026-04-03 22:27:38.394485,Multiple persons detected
2026-04-03 22:27:38.581570,Multiple persons detected
2026-04-03 22:27:40.426776,Multiple persons detected
2026-04-03 22:29:17.722264,Multiple persons detected
2026-04-03 22:29:18.572966,Multiple persons detected
2026-04-03 22:29:20.244576,Multiple persons detected
2026-04-03 22:29:20.420831,Multiple persons detected
2026-04-03 22:29:20.755701,Multiple persons detected
2026-04-03 22:29:21.290756,Multiple persons detected
2026-04-03 22:29:22.330425,Multiple persons detected
2026-04-03 22:29:22.695903,Multiple persons detected
2026-04-03 22:29:23.203503,Multiple persons detected
2026-04-03 22:29:23.516204,Multiple persons detected
2026-04-03 22:29:23.832516,Multiple persons detected
2026-04-03 22:29:24.544944,Multiple persons detected
2026-04-03 22:29:24.889442,Multiple persons detected
2026-04-03 22:29:25.081482,Multiple persons detected
